{
  "project_info": {
    "project_number": "137519145133",
    "project_id": "ecomerce-bbe8a",
    "storage_bucket": "ecomerce-bbe8a.firebasestorage.app"
  },
  "client": [
    {
      "client_info": {
        "mobilesdk_app_id": "1:137519145133:android:974fc3e767feeaa72e2624",
        "android_client_info": {
          "package_name": "com.example.ecomerce"
        }
      },
      "oauth_client": [],
      "api_key": [
        {
          "current_key": "AIzaSyC4YLGxOuknFeCj9-YO3kQYc7yDMZa1vyM"
        }
      ],
      "services": {
        "appinvite_service": {
          "other_platform_oauth_client": []
        }
      }
    }
  ],
  "configuration_version": "1"
}